CustomerID,Name,Email,Phone,Address,Country
1,Cathy Hernandez,danielleroberts@example.com,623-730-3964x21333,"4973 Cole Station Apt. 597
Joshuabury, VT 55001",Timor-Leste
2,Krista Bailey,keyjavier@example.org,433.509.8040,"32633 Ryan Wall Suite 974
New Jasonview, DE 04526",Sweden
3,Juan Mckinney,stephaniecooley@example.org,(766)750-7930x36098,"712 Joshua Landing
North Derrickburgh, AZ 82081",Myanmar
4,Brianna Edwards,rlawson@example.com,(485)871-1807,"69817 Stephen Tunnel
Christopherburgh, VA 43027",Colombia
5,Cole Yoder,shaun98@example.org,452-317-8459,"96661 Patterson Mill
Danielmouth, VI 58397",Lithuania
6,Catherine Sanchez,rvaldez@example.org,810.225.5674,"1974 Richards Brooks
Port Johnmouth, NC 73123",Cook Islands
7,Dr. Patricia Graves,griffinsharon@example.org,431-247-6751x2529,"11061 Russell Crossroad
Andersonville, MS 40712",Argentina
8,Michelle Patterson,mball@example.net,(357)787-3078,"PSC 7034, Box 4624
APO AA 06682",Uruguay
9,William Bowen,vwheeler@example.org,5988920851,"635 Mcbride Gardens
Kyleside, NC 60749",Nauru
10,Bianca Stewart,tyler73@example.com,4179247378,"70432 Gary Roads Suite 931
Woodwardview, AR 75997",Bulgaria
11,Ashley Morris,wguerra@example.com,3222537480,"6356 Joshua Extension
West Luisfort, KY 16382",Mauritania
12,Kathleen Smith,zcummings@example.net,(381)991-9120,"940 Atkins Fields
South Keith, ND 56760",Zambia
13,Lisa Brown,lance39@example.com,4458424554,"09804 Karen Drives Suite 865
North Joshua, NH 64132",Burkina Faso
14,Gerald Powers,ashleysweeney@example.net,+1-494-987-3163x529,"4139 Caldwell Ferry
Sarahshire, DC 45396",Somalia
15,Charlene Hunter,anthonyacosta@example.org,761-989-6850x6484,"505 David Vista
Donaldfort, NY 94045",Botswana
16,Susan Swanson,sharonlewis@example.com,+1-414-701-1423,"PSC 7299, Box 3293
APO AP 48231",New Zealand
17,Martha Bowers,xwatkins@example.com,(388)673-8458x581,"71661 Jackson Bypass Suite 967
West Laura, NY 41137",Congo
18,Christina Faulkner,erodriguez@example.org,(294)546-5022x2533,"5762 Kimberly Drives
Stephaniefort, TX 61347",Belgium
19,Jennifer Stevens,gallagherrobin@example.net,(342)522-9263x542,"USCGC Bell
FPO AA 93048",Nepal
20,Bradley Turner,jaredhayes@example.org,579.594.2858x4904,"78737 Elizabeth Mountains
Ernestfurt, CT 44675",Honduras
21,Wayne Rush,samuelfernandez@example.com,001-763-521-7511,"67287 Day Islands
Cowanchester, OH 56020",Rwanda
22,Paul Fernandez,marilyn66@example.org,(927)604-4495,"8690 David Pike
West Anneburgh, RI 86403",Estonia
23,Timothy Brown,jacobmorales@example.net,001-718-865-5516x81449,"811 Tara Path
Nicholasland, GU 17698",Bhutan
24,Jason Davis,sarah30@example.net,701.938.4129x69648,"16439 Lisa Valleys
Kimborough, RI 97472",Saint Lucia
25,Gina Chavez,richardsonkathy@example.org,6203098163,"140 Burton Ridge Suite 128
Erinfurt, OR 87089",Faroe Islands
26,Alicia Webster,zspence@example.org,(619)993-8452x1668,"1242 Bridges Trace Apt. 006
West Christineport, MH 98604",Turks and Caicos Islands
27,Jessica Baker MD,monicasalazar@example.org,(763)311-4287x1318,"81228 Anita Island Suite 300
Albertside, RI 54179",Ethiopia
28,Dawn Sims,ywilliams@example.net,201.352.2668x343,"646 Jason Street Apt. 872
North Joseph, WI 10410",Myanmar
29,Robin Sellers,ortizgabriel@example.net,5109236893,"85582 Burns Trail Suite 491
Solomontown, MS 08440",Tuvalu
30,Nichole Rivers,michealsmith@example.net,236-201-0843x42388,"9106 Emily Ford Apt. 473
Cameronshire, FM 37045",Chad
31,Ronald Jones,millsmichael@example.net,916-754-7641,"4451 Sanchez Prairie
Lake Lisaburgh, SC 89024",Tunisia
32,Vanessa Hinton,wattschristine@example.org,+1-711-978-4988,"4823 Smith Plain
West Rubenport, KS 12113",Tonga
33,John Jones,mark69@example.net,+1-540-764-2335x18868,"Unit 4819 Box 6744
DPO AA 91178",Afghanistan
34,James Ray,robertmartinez@example.com,724-498-9272,"223 Foster Point
South James, IL 65132",Qatar
35,Kerri Baker,zachary38@example.com,(503)314-0951x557,"89678 Garcia Stream
Traceyhaven, CO 69260",Honduras
36,Madison Holt,austin62@example.org,001-545-256-9447x905,"01485 Emily Green Suite 756
Williamsville, IA 13015",Angola
37,Zachary Stephens,charlesmcmillan@example.org,+1-854-303-3441,"0819 Olson Pines Suite 669
Port Danielleside, GA 41027",Jordan
38,Heather Barber,beckerpamela@example.net,001-642-738-3053,"25035 Kramer Route Suite 959
Nicholasmouth, VI 60909",Greenland
39,Debbie Miller,csmith@example.net,001-886-602-1715,"67339 Williams Lake Suite 847
Brianburgh, GU 63262",United Arab Emirates
40,Duane Hall,lfoster@example.org,(460)893-9546x2663,"64290 Sanders Junction Apt. 351
Thompsonberg, GA 10134",Tunisia
41,Christopher Palmer,fmontoya@example.net,(932)738-8438x412,"47313 Deborah Station
New Jaclynport, OH 60792",Cameroon
42,Lindsay Henderson,amy95@example.net,(349)671-4744,"023 Andrew Stream
Lake Sandra, CO 32635",Belarus
43,Dustin Franklin,johnwhite@example.net,001-506-665-0622,"9165 Lewis Spur
Lake Sonia, TX 81070",Senegal
44,Erica Burke,levychristian@example.org,7728878055,"28297 Walton Turnpike Apt. 844
Justinberg, KS 05433",United Arab Emirates
45,Scott Price,hensoncarolyn@example.com,557.461.7481,"40268 Harmon Stream
Patrickport, CO 74496",Cape Verde
46,Phillip Coleman,teresa76@example.net,001-880-643-3625x640,"2795 Rodriguez Isle
West Mark, ME 41502",Palestinian Territory
47,Tracy Phillips,kellymartha@example.org,001-590-430-9807,"584 Stephanie Hill
East Andrea, FM 90963",Chad
48,Taylor Walton,beckykelley@example.com,5639681932,"93868 David Gateway Suite 554
Peterland, VA 73338",Kuwait
49,Brianna Cline,guerrerojonathan@example.net,686-589-3288,"Unit 1754 Box 9349
DPO AA 31007",Antigua and Barbuda
50,Shawn Harrison,mendozaclayton@example.net,968-884-2707x7810,"6759 Jennifer Fork Apt. 759
Jacksonshire, WY 24117",Saint Barthelemy
51,John Hughes,darren26@example.com,719-400-9979,"446 Destiny Springs Suite 603
New Andre, NM 41873",Equatorial Guinea
52,Bradley Peterson,colemanvictoria@example.com,8844114155,"724 Logan Parks
North Trevor, CO 76481",Faroe Islands
53,Caitlin Chapman,lrivera@example.com,001-713-331-9830x4938,"9838 Philip Points
South Williamfurt, CA 41950",Moldova
54,Omar Smith,frymeghan@example.net,(321)519-4557,"1545 Frank Ford Suite 696
East Michelleburgh, OK 84410",Vietnam
55,Dr. James Martin,ambermahoney@example.net,001-654-430-1743x037,"7616 Scott Falls Apt. 234
Hodgeside, OK 03425",Syrian Arab Republic
56,Larry White,zbarker@example.com,9253777065,"218 Robin Mills Apt. 452
Calhounville, FL 67243",Saint Barthelemy
57,David Greene,priscilladelacruz@example.org,001-678-727-5392x8225,"8167 Jason Junctions
Murillochester, GA 84753",Turkey
58,Michelle Lopez,elizabethwilcox@example.com,+1-265-265-8927x91585,"821 Johnson Crossroad Apt. 858
Lopezberg, TN 19939",Greece
59,Cynthia Wilson,charlesmunoz@example.net,001-516-870-7999x9953,"645 Wright Island
Sosaburgh, IN 62939",North Macedonia
60,Sergio Marshall,quinnwhitney@example.net,+1-723-856-3408,"03371 Kaylee Plaza Suite 815
New Timothy, OR 63134",Hong Kong
61,Michael Garza,tmiller@example.com,(506)525-7432x4307,"3715 Jackson Gateway Suite 928
Danielhaven, IN 26918",Korea
62,Terry Martinez,dmorgan@example.org,(544)383-7479x674,"897 Richard Shoal
Lake Sean, PA 29177",Jersey
63,Peter Smith,kendralee@example.com,700.980.8826,"95632 Boone Plaza Suite 342
Lake Allison, AR 81990",United Kingdom
64,Dawn Torres,areid@example.com,(773)821-2545x356,"72253 Timothy Views
Valentineland, GU 17345",Singapore
65,April Orozco,miguel35@example.com,911.492.8500x67944,"654 Jennifer Street
New Jason, WV 06558",Pitcairn Islands
66,Joanne Stewart,haroldsoto@example.net,229-960-3675x7602,"6629 Marc Underpass Apt. 798
Trevinoberg, LA 27703",Northern Mariana Islands
67,Ashley Lee,ffrederick@example.org,+1-642-935-2074,"80529 Elliott Ville
East Michael, OH 81867",Austria
68,Anthony Cox,carrollkenneth@example.org,(815)670-3512x8517,"935 Parks Pine
New Daniel, UT 27758",Solomon Islands
69,Cheyenne Skinner,smithsara@example.org,+1-481-232-8599,"PSC 1358, Box 2565
APO AE 50871",Solomon Islands
70,Elizabeth Caldwell,phillip94@example.org,+1-691-992-8745x06146,"422 Moreno Crossroad Apt. 580
Hamptonmouth, GA 54545",Western Sahara
71,Connie Swanson,derek35@example.net,+1-715-816-9650x40998,"608 James Hill
Victoriabury, PA 66994",Lebanon
72,Christopher Orr,daytimothy@example.net,001-833-911-8367,"94079 Nathan Drive
Williamsborough, VA 97758",Cook Islands
73,Daniel Villarreal,michaelmeyer@example.com,264.866.3446x06732,"08008 Lopez Ramp Suite 884
Port Michael, DC 31516",Zambia
74,Frank Aguilar,andrewmitchell@example.com,+1-347-852-5268,"2842 Charlene Key
Michellebury, TN 32280",Bouvet Island (Bouvetoya)
75,Alexander Lin,castrolori@example.net,(925)275-0585x850,"0954 Bethany Knolls Apt. 972
Tinaview, NY 51338",Liberia
76,Jacob Parker,danielle98@example.org,477.569.0467x13740,"1869 Melinda Heights Apt. 024
Lake Josephhaven, MH 98733",Armenia
77,Sarah Guzman,williamssteven@example.com,001-770-271-6689x9976,"515 Durham Ranch
West Amber, CT 77510",Isle of Man
78,Sarah Mason,gregorysanders@example.net,930.541.1120x25196,"3661 Perry Port Apt. 214
Cobbton, NH 61735",Slovakia (Slovak Republic)
79,Nicole Lopez,mckayjane@example.com,391.436.3416x0841,"6953 Reyes Tunnel
Nelsonview, WY 25888",Syrian Arab Republic
80,Christina Newton,jerryryan@example.org,(649)878-8234,"9924 Kevin Dam Apt. 881
Lake Trevor, IL 39212",Wallis and Futuna
81,Holly Thompson DDS,sullivantina@example.org,(658)645-7607x95020,"331 Parker Dam Suite 361
East Brandybury, MS 51300",Tokelau
82,Steven Vega,lindsey67@example.org,664.444.6460,"273 Marcus Neck Suite 428
West Katie, IA 30522",United States of America
83,Michael Ford,lesliegarrison@example.net,721.950.6248,"476 Berg Parkway
Hamiltonport, VI 36878",Cyprus
84,Douglas Webb,samanthamiles@example.org,001-727-992-3879,"963 Leslie Streets Apt. 566
Oconnorview, AK 91389",Denmark
85,Joshua Morris,alicia66@example.com,(216)253-3853x9763,"368 Paul Forest
Danaville, DE 47360",Niue
86,Laura Stark,jonesvanessa@example.net,001-709-768-2910x30137,"4410 Sara Rapids Suite 925
North Kimberlyfurt, FM 43457",Guam
87,Rebecca Levine,jenniferwatts@example.org,001-776-981-7448x95888,"2351 Garcia Garden Apt. 809
Saratown, NM 80437",Thailand
88,Joanna Hayes,joshuaclark@example.com,+1-470-963-9038,"409 Harris Mills Suite 899
South Kevin, CT 60884",Qatar
89,Jaime Williams,virginiawilliams@example.com,551.322.1134x39663,"609 Hill Course Suite 009
Edwardhaven, VT 31651",Grenada
90,Alison Kennedy,thomasblackburn@example.org,442.525.0464x1193,"98106 Frank Common
Wyattport, KS 68544",Kazakhstan
91,Christopher Gonzales,jonesjessica@example.org,001-604-573-6656x46489,"1805 Katie Circle
Coxland, MI 30610",Comoros
92,Kimberly Rocha,thomas15@example.com,796-949-0004x21216,"580 Phillip Squares Suite 223
South James, NC 31330",Malta
93,Michael Taylor,rwong@example.com,(322)533-2917,"6371 Chavez Court
Laurenburgh, KS 20289",Niger
94,Laurie Williams,allisonnunez@example.org,+1-490-225-5197x72751,"549 Ball Turnpike
East Wendyfurt, NJ 09286",Indonesia
95,Jesse York,jeffrey69@example.org,5219999344,"16445 Griffin Ridges
Chavezton, NV 96565",Burundi
96,Scott Harris,espinozalauren@example.org,001-763-547-7529x39585,"238 Douglas Orchard
North Karenfurt, IN 83618",Bosnia and Herzegovina
97,Sarah Long,coltonbarr@example.com,627.884.9486,"Unit 0415 Box 0337
DPO AP 19683",British Virgin Islands
98,Michael Grant,jeremy41@example.net,001-884-775-7904x8711,"84180 Sarah Corners Apt. 736
Charleston, ME 10082",Mexico
99,Megan Simpson,theresamorgan@example.com,605-640-2267x604,"0675 Jones Villages Suite 397
Wilkersonburgh, HI 95191",Spain
100,Timothy Elliott,veronicafischer@example.net,+1-983-927-1349,"73060 Michael Grove Apt. 125
South Justinborough, CT 22054",Chad
